,text
0,"Just released a new update for Leap Share!
Completely redesigned the Receiver Page UI.
Get - https://t.co/l8sLbqVTwi

#LeapShare #ios #Apple #iPhone https://t.co/9zCJs8MqVV"
1,"Wouldnâ€™t it be sick ğŸ”¥ if the iPhone 18 would be like this? 

I could already see myself standing in line first just to get this. 

Could Apple pull off the horizontal camera system on a base model iPhone 18?  

#Apple #iPhone #iOS26 #technology #iPhone18 https://t.co/v66qdEhQFJ"
2,"iPhone snapshot
#iPhone #Apple #ã‚¢ãƒƒãƒ—ãƒ« #photo #snap #tokyo #japan #ã‚¹ãƒŠãƒƒãƒ— #æ±äº¬ #æ—¥æœ¬ #å†™çœŸ https://t.co/YG211INaKI"
3,"Kidney sold for iPhone ğŸ˜±ğŸ“±

#China #iPhone #iPad #KidneySale #Awareness #HealthCrisis https://t.co/juEuWXZ9Um"
4,"Masthu happy aytha bro , if selected it would be my first ever #iphone https://t.co/T3viqGumgT"
5,@_nimmiikaur It would be my first #iphone if won ğŸ¤ğŸ¤ #Manifesting #iphone1_ #iPhoneà¸¡à¸·à¸­à¸ªà¸­à¸‡ #iPhoneå£²ã‚‹ãªã‚‰ãƒ¡ã‚¬è²·å– #iphone16seriesbbdpricereveal #iPhone
6,"@_nimmiikaur Im only interested in this phone because it is yours not being a #iPhone .

If I don't get it i will reverse everything"
7,"Iâ€™m genuinely curious how many people have moved away from #Apple simply because the #iPhone has become so repetitive and utterly boring. Itâ€™s felt like the same phone for nearly a decade,  I'm just so tired of this design, OS and the always same-same #iPhone17Pro"
8,"â–ªCybernews researchâ–ª The brand makes instant photo printers for iPhone and Android. Learn moreâ¤µï¸

#privacy #photo #iPhone #Android #dataleak https://t.co/8ZZ8Pc64Ba"
9,"ğŸ¥ Your videos, reimagined.

âœ¨ Make old footage look new
âœ¨ Smooth motion, up to 120 fps
âœ¨ Crystal-clear detail with AI

All on iPhone. All offline.
ğŸ“² https://t.co/k6CrFVlg3Z

#TrueFrameAI #VideoEditing #AI #iPhone #video #ios https://t.co/UD3pOwLvpO"
10,"Dm now for any hacking services or account recovery services 
I assure you nothing but the best services #iphone #icloud #document #snap #snapchat #snapchatsupport #instagram #facebook #DeleteSpotify #content #privacy #altcoinseason https://t.co/SousCvDeLa"
11,"""When you know what you want and want it bad enough, you will find a way to get it."" â€“ Jim Rohn
HDD, SSD, Phone, RAID, Apple device stopped working? Contact us! We can help get your data back!
#datarecovery #computer #HDD #MacBook  #iPhone https://t.co/iC2P76TRNf"
12,Googleâ€™s latest ad takes a swing at Appleâ€™s AI lag. Is the iPhone falling behind the Pixel? âš¡ #Google #iPhone #AI #Pixel #Tech https://t.co/1FQzlXIExZ
13,Cool iphone cases ğŸ©· tap the link into my bio ğŸ’¯#iphonecase #phonecase #accesories #luxury #shopping #baddie #new #Trendingstock  #iPhone #twitter #explorepage #viral #onlinestore #Apple #iPhone17Pro #foryou @Apple #UnitedStates #Italy #Texas https://t.co/BRbbiTElZS
14,Let your screen reflect your mood. Try this out! ğŸŒ™ #Wallpaper #Wallpapers #iPhone https://t.co/chcshppNvF
15,"IPHONE 17 PRO 256GB

DUAL ESIMğŸ‡¦ğŸ‡ª
COSMIC ORANGE COLOUR ğŸ§¡
BOX PACKğŸ“¦
NON ACTIVEâœ…

430,000/- FINALğŸ’µ

ğŸ“Contact on Whatsapp:
03139259112
#iphone #apple #samsung #pro #xiaomi #plus #promax #oppo #vivo #android #smartphones #iphonex #case #ios #caseiphone #ipad #huawei #photography https://t.co/ujnFFyeVy7"
16,"IOS26 setup: widget - URBAN COLORS pack, get it here https://t.co/MjzsOn0vcB Wallpaper - by @amaancg 

#Widgy #iPhoneWallpaper #homescreen #wallpaper #iPhone #widget #iOS26 #customization #PhoneWallpaper #setup #iphonesetup https://t.co/KAHu6Peue1"
17,"Is it better than iPhone ğŸ˜…?

#iPhone https://t.co/TAYk1g9grQ"
18,iPhone 11 Pro Max is now considered vintage! #iphone https://t.co/4miL5OzRpQ
19,Cartoon wallpaper #wallpaper #Wallpapers4k #Doraemon #iphone https://t.co/XRQtOKTlfr
20,#NowPlaying RIP by Angelo on #AudioGate #iPhone https://t.co/b6ZBU8Dltp
21,"The new iPhone update is awesome ğŸ™Œ When an unknown number calls, it screens them AND shows a transcript. Best part? It even picks up on the callerâ€™s confidence level. ğŸ˜‚ If they sound unsure, you already know itâ€™s not worth picking up. #iOS26 #Apple #iPhone https://t.co/DbBUzxNDrO"
22,"Apple iCloud Unlock Service with
guaranteed results. Unlock your iPhone, iPad, Apple
Watch and even your Macbook locked devices. Free
your device now!

.
.
.
.
#iphone
#mobile
#phone
#telefon
#samsung
#xiaomi
#redmi
#repair
#icloud
#ipad
#huawei
#airpods
#iwatch https://t.co/ihWDeYERII"
23,"Model: Open Box iPhone 17 Pro Max
Capacity: 256GB 
CC: 7
Battery Health: 100%BH
Condition: Working perfect ğŸ’¯
Price: 2,530,000 only 

Location: Holy Ghost Enugu
Contact/ WhatsApp: 07056944085 

NOTE: Swap can come in! ğŸ“±ğŸ“² âœ… 
#iPhone16 #iPhone16Series #iphone #iphoneonly #apple https://t.co/XsViSmtiKs"
24,"#iPhone17Pro in stock on Amazon - available versions: 
- 1 TB - Deep Blue: https://t.co/U9j1wVqBqQ

For Real-Time Faster alerts join: https://t.co/OEBAYMxs8E 

#Apple #iPhone #ad 2025-10-01 17:10:27"
25,"Meifigno Designed for iPhone 16 Pro Max Case 6.9â€, with 2X HD Screen Protectors &amp; 1X Lens Protector, Compatible with MagSafe, Military-Grade Protection, Magnetic Case Designed for 16 Pro max, Purple

Price :  $5.97

https://t.co/ngfiAF7NqU

#ad #iPhone 

Image Credit : amazon https://t.co/kIf0PBeDEQ"
26,"MGQILING Compatible with iPhone 14 Pro Magnetic Glitter Bling Case 6.1 Inch, Luxury Love Heart Pattern Plating Case, Compatible with MagSafe for Women Girls Shockproof Back Cover-Hot Pink

Price :  $4.29

https://t.co/d1SC6pWs7l

#ad #iphone 

Image Credit : amazon https://t.co/RAc7USzTho"
27,"Phone Desktop wallpapers. Daily cool phone wallpapers. Cool high-quality wallpapers for your phone: black wallpapers, anime wallpapers, aesthetic wallpapers, text wallpapers, cute wallpapers, couple wallpapers. Subscribe #Wallpapers #iPhone17 #picture #Wallpaper #iPhone https://t.co/Hj4n7giBAR"
28,@FrancisChipp Have remastered this meme I made just for this legendary Frank post #jacobmurphy #balondor #iSak #iPhone #Apple #nufc #lfc #viralmemes https://t.co/3A6hpicFjP
29,"Good morning ğŸŒ beautiful people! Itâ€™s Wednesday on the #AppStore and weâ€™ve got another batch of new #iOSgames for this weekâ€™s #SNAPPRoundup
https://t.co/0zhRXiZp1h

#mobilegames #indiegames #mobilegaming #videogames #gaming #iphone #games https://t.co/OwLtiiTbvR"
